Account name,Account IBAN,Counteraccount IBAN,Transaction date,Amount,Currency,Detail
Jos,BE69771770897312,BE81639360240153,Wed Feb 05 10:02:47 CET 2020,-17.73,EUR,Quas rerum enim ratione magni tempore ab saepe.
Jos,BE69771770897312,BE63375534421004,Sun Feb 02 16:11:12 CET 2020,-1030.65,EUR,Laudantium alias odio laboriosam.
Jos,BE69771770897312,BE87426789393135,Sun Feb 16 12:20:58 CET 2020,3461.69,EUR,Perspiciatis et ipsum sed vero.
Jos,BE69771770897312,BE36258097715463,Wed Feb 19 02:52:00 CET 2020,4219.06,EUR,Ut fugiat iusto at illum soluta quis repellat.
Jos,BE69771770897312,BE32320809042848,Wed Feb 19 12:56:34 CET 2020,3458.25,EUR,Cum occaecati eveniet at neque provident ullam.
Jos,BE69771770897312,BE53722272214991,Thu Feb 13 03:42:57 CET 2020,-4192.83,EUR,Ut totam quos.
Jos,BE69771770897312,BE19625295604437,Fri Feb 07 16:32:15 CET 2020,856.55,EUR,Aut rem rerum deserunt.
Jos,BE69771770897312,BE19509740578712,Wed Feb 05 23:52:13 CET 2020,-642.44,EUR,Quis et rerum.
Jos,BE69771770897312,BE80101838692533,Mon Jan 27 12:42:48 CET 2020,-492.37,EUR,Minus voluptas iure sapiente eum facere temporibus et.
Jos,BE69771770897312,BE92072317793894,Fri Feb 07 02:57:27 CET 2020,-3972.77,EUR,Ut et ea numquam.
Jos,BE69771770897312,BE45834889045967,Mon Feb 10 09:56:39 CET 2020,2969.92,EUR,Blanditiis facilis ipsa est.
Jos,BE69771770897312,BE78832582068668,Tue Feb 11 09:13:18 CET 2020,2893.14,EUR,Adipisci veniam corrupti dolores.
Jos,BE69771770897312,BE97730124301246,Wed Feb 19 04:22:51 CET 2020,2120.99,EUR,Doloribus incidunt inventore sint.
Jos,BE69771770897312,BE33829402281923,Sat Feb 15 09:03:36 CET 2020,2875.33,EUR,Quis nihil facilis et et repellendus et.
Jos,BE69771770897312,BE86564741825287,Wed Feb 19 06:25:46 CET 2020,-3735.45,EUR,Tempore non debitis officia.
Jos,BE69771770897312,BE31808005541130,Sun Feb 09 23:15:22 CET 2020,-4899.57,EUR,Non voluptate mollitia debitis dolor accusantium perspiciatis maiores.
Jos,BE69771770897312,BE56408307279764,Fri Feb 07 07:49:06 CET 2020,4265.18,EUR,Ratione earum rerum iure quas nam.
Jos,BE69771770897312,BE56418944808141,Mon Feb 03 23:40:52 CET 2020,3765.25,EUR,Unde ut id omnis rerum culpa sed.
Jos,BE69771770897312,BE83158786847242,Wed Feb 12 20:05:58 CET 2020,-949.7,EUR,Possimus suscipit velit.
Jos,BE69771770897312,BE26347882621582,Tue Feb 18 21:43:57 CET 2020,1473.98,EUR,Vel qui non quasi itaque molestias.
Jos,BE69771770897312,BE46297602052556,Tue Feb 11 00:24:24 CET 2020,477.18,EUR,Sed possimus aut molestiae tempora.
Jos,BE69771770897312,BE43966061379897,Tue Feb 18 09:12:41 CET 2020,-1929.7,EUR,Vero autem iste eius assumenda non.
Jos,BE69771770897312,BE79526734402810,Sun Feb 16 20:16:14 CET 2020,-4634.52,EUR,Vero ut cupiditate et et.
Jos,BE69771770897312,BE34691996318574,Wed Feb 19 11:16:31 CET 2020,47.99,EUR,Illum exercitationem nostrum ut.
Jos,BE69771770897312,BE47906959964742,Mon Feb 10 04:29:46 CET 2020,-1849.52,EUR,Id error temporibus explicabo similique.
Jos,BE69771770897312,BE97144013160916,Fri Jan 31 08:06:11 CET 2020,1112.31,EUR,Consequuntur quis voluptas architecto autem ut facere iste.
Jos,BE69771770897312,BE37746549230070,Wed Feb 19 13:07:52 CET 2020,-4512.56,EUR,In ex quia.
Jos,BE69771770897312,BE05561957274323,Sat Feb 01 19:42:37 CET 2020,3125.22,EUR,Illo eligendi voluptas reiciendis natus totam.
Jos,BE69771770897312,BE39967446806137,Mon Feb 17 20:19:54 CET 2020,-1836.84,EUR,Et minima quod aut fugit modi nulla.
Jos,BE69771770897312,BE83324684088722,Wed Feb 19 08:59:39 CET 2020,-1655.29,EUR,Autem saepe dolor quisquam amet officia cumque.
Jos,BE69771770897312,BE93130774357421,Thu Feb 06 02:02:50 CET 2020,2394.16,EUR,Sunt aliquid laudantium.
Jos,BE69771770897312,BE03682120137450,Sat Feb 15 14:09:25 CET 2020,4857.05,EUR,Officiis aut distinctio et enim ipsum odio sint.
Jos,BE69771770897312,BE88980761252332,Wed Feb 19 13:01:13 CET 2020,-1030.92,EUR,Voluptas rerum earum dolor vel velit.
Jos,BE69771770897312,BE64264822776466,Sun Feb 09 00:04:15 CET 2020,-4433.35,EUR,Provident cumque accusamus officiis qui.
Jos,BE69771770897312,BE45295428893092,Wed Feb 19 01:53:40 CET 2020,1883.11,EUR,Perferendis dignissimos tempore nihil consectetur sit quia consequuntur.
Jos,BE69771770897312,BE38461145015328,Tue Feb 11 19:00:33 CET 2020,-4348.99,EUR,Voluptas perferendis impedit cupiditate saepe debitis aliquid.
Jos,BE69771770897312,BE51359351517982,Wed Feb 05 13:30:28 CET 2020,3161.98,EUR,Sequi atque qui delectus pariatur tempore non commodi.
Jos,BE69771770897312,BE75406329875834,Tue Feb 18 02:29:36 CET 2020,-1288.22,EUR,Similique aut soluta.
Jos,BE69771770897312,BE09379811330068,Tue Feb 18 02:30:10 CET 2020,-3395.84,EUR,Est accusamus enim quam doloribus aut.
Jos,BE69771770897312,BE24373753848966,Tue Feb 18 12:03:30 CET 2020,-4728.47,EUR,Quis quos sed alias quia possimus.
Jos,BE69771770897312,BE81262773954673,Mon Feb 17 10:39:48 CET 2020,-1369.14,EUR,Nisi veniam in.
Jos,BE69771770897312,BE74021170812240,Thu Feb 13 22:03:35 CET 2020,1492.95,EUR,Soluta illo eius est.
Jos,BE69771770897312,BE70113449563613,Fri Feb 14 04:50:19 CET 2020,3131.06,EUR,Sit omnis harum fuga omnis.
Jos,BE69771770897312,BE66565785384724,Fri Feb 14 07:33:22 CET 2020,-4367.48,EUR,Optio suscipit ex.
Jos,BE69771770897312,BE13882125568193,Thu Feb 06 22:01:51 CET 2020,-2596.84,EUR,Commodi quo et explicabo.
Jos,BE69771770897312,BE05684637112717,Sat Jan 25 13:33:33 CET 2020,883.36,EUR,Quae vitae quis quia quia ea.
Jos,BE69771770897312,BE32415406214235,Mon Feb 17 10:41:22 CET 2020,-1057.19,EUR,Quis sit facilis assumenda.
Jos,BE69771770897312,BE80414517665047,Sat Jan 25 01:30:56 CET 2020,3231.45,EUR,Dolores voluptates fuga nemo.
Jos,BE69771770897312,BE15910115877390,Fri Jan 31 19:31:40 CET 2020,-1242.3,EUR,Hic temporibus nihil doloribus et ut.
Jos,BE69771770897312,BE52752950853828,Wed Feb 12 10:37:01 CET 2020,2593.69,EUR,Sint in assumenda numquam aperiam reprehenderit.
Jos,BE69771770897312,BE93852531807362,Sat Feb 15 01:17:24 CET 2020,-3036.64,EUR,Molestiae odio fuga dolor adipisci est.
Jos,BE69771770897312,BE54147286439785,Mon Feb 17 10:59:05 CET 2020,471.35,EUR,Eius odio quis sed totam.
Jos,BE69771770897312,BE17028322748008,Mon Feb 10 11:25:15 CET 2020,-1567.93,EUR,In rerum corrupti sit illum voluptas saepe.
Jos,BE69771770897312,BE92324102752913,Tue Feb 11 21:31:48 CET 2020,-90.33,EUR,Enim incidunt mollitia aut tempora voluptatem fuga corporis.
Jos,BE69771770897312,BE08759986422342,Sat Feb 08 20:07:22 CET 2020,-3336.02,EUR,Et est vel similique voluptatem.
Jos,BE69771770897312,BE63918396043003,Thu Jan 30 17:18:17 CET 2020,-4952.49,EUR,Corrupti ipsum pariatur soluta aut est corporis aspernatur.
Jos,BE69771770897312,BE52157119358339,Wed Feb 12 01:49:29 CET 2020,-2755.72,EUR,Voluptates ut voluptates error ipsa qui asperiores vel.
Jos,BE69771770897312,BE21727872013927,Mon Feb 10 01:20:02 CET 2020,-84.68,EUR,Magnam dolor corrupti.
Jos,BE69771770897312,BE22663624736216,Fri Jan 31 21:43:52 CET 2020,221.66,EUR,Voluptate dolores eum voluptatum assumenda corrupti eos omnis.
Jos,BE69771770897312,BE40694507492199,Tue Feb 11 17:43:28 CET 2020,4119.47,EUR,Blanditiis itaque assumenda nam vero.
Jos,BE69771770897312,BE73725524916698,Wed Feb 12 16:42:46 CET 2020,-2708.16,EUR,Sit enim nesciunt ut.
Jos,BE69771770897312,BE37178965617226,Wed Feb 12 12:12:20 CET 2020,-4468.73,EUR,Amet voluptas ducimus.
Jos,BE69771770897312,BE40448827471650,Tue Feb 11 08:29:24 CET 2020,-3779.1,EUR,Necessitatibus eos aliquam.
Jos,BE69771770897312,BE81401793215408,Tue Jan 28 07:50:30 CET 2020,-3252.85,EUR,Voluptatem temporibus laudantium hic beatae.
Jos,BE69771770897312,BE35675818245724,Sat Feb 08 01:12:52 CET 2020,-3889.32,EUR,Vel reiciendis et earum non aut nihil.
Jos,BE69771770897312,BE05891672330550,Fri Feb 14 07:09:10 CET 2020,4389.78,EUR,Sunt debitis explicabo quidem debitis praesentium blanditiis.
Jos,BE69771770897312,BE45935793276567,Sun Feb 16 12:57:46 CET 2020,-775.0,EUR,Ratione dolore voluptatum est cumque quod eveniet.
Jos,BE69771770897312,BE33617777142430,Sun Jan 26 06:42:45 CET 2020,-2159.1,EUR,Et vitae nulla voluptates ipsam illo quas ipsam.
Jos,BE69771770897312,BE56509776487446,Sat Feb 15 14:09:09 CET 2020,-2157.14,EUR,Et modi deleniti omnis eum rerum molestiae quis.
Jos,BE69771770897312,BE58481757597903,Mon Feb 10 04:11:07 CET 2020,-3862.73,EUR,Et molestiae soluta aut amet esse quo.
Jos,BE69771770897312,BE36325045778803,Wed Feb 19 07:32:26 CET 2020,1522.11,EUR,Autem qui eligendi rem.
Jos,BE69771770897312,BE97341214488582,Sun Feb 09 08:22:18 CET 2020,-3248.5,EUR,Voluptatem qui eius rem odit qui.
Jos,BE69771770897312,BE60614338813208,Sun Feb 09 10:02:05 CET 2020,2031.01,EUR,Voluptatum laudantium nemo et quia dolore.
Jos,BE69771770897312,BE95643518070793,Thu Feb 13 14:25:40 CET 2020,3035.31,EUR,Enim dolores aliquid veniam repellat illo ad.
Jos,BE69771770897312,BE65666300650774,Sat Feb 08 02:06:41 CET 2020,709.93,EUR,Nihil quas unde.
Jos,BE69771770897312,BE33189078372086,Mon Feb 17 19:16:11 CET 2020,2801.2,EUR,Dolor et distinctio qui voluptatem.
Jos,BE69771770897312,BE81655237620260,Wed Feb 12 03:36:25 CET 2020,-703.42,EUR,Hic commodi et.
Jos,BE69771770897312,BE13166297787907,Fri Feb 14 04:12:14 CET 2020,2482.45,EUR,Et qui iste ut inventore.
Jos,BE69771770897312,BE67751828567050,Wed Feb 19 06:31:12 CET 2020,-4620.49,EUR,Repellat error rerum maxime aut libero quibusdam numquam.
Jos,BE69771770897312,BE20613989107491,Tue Feb 04 16:08:29 CET 2020,1591.85,EUR,Iusto et vel quo nisi.
Jos,BE69771770897312,BE52884341835713,Mon Feb 17 01:37:28 CET 2020,-32.77,EUR,Labore quisquam aliquam aliquam perspiciatis sit.
Jos,BE69771770897312,BE50566533453959,Wed Feb 12 07:42:37 CET 2020,841.33,EUR,Et molestias molestias aut.
Jos,BE69771770897312,BE38502691294848,Sun Feb 16 15:10:59 CET 2020,-3442.02,EUR,Mollitia consectetur dicta occaecati repudiandae ut rerum.
Jos,BE69771770897312,BE10294755295652,Fri Feb 14 11:27:05 CET 2020,413.72,EUR,Illo debitis impedit.
Jos,BE69771770897312,BE95762253021231,Sat Jan 25 10:44:25 CET 2020,-2824.44,EUR,Dignissimos rerum aut in.
Jos,BE69771770897312,BE12149549279627,Fri Feb 07 17:51:52 CET 2020,-991.21,EUR,Iste similique non.
Jos,BE69771770897312,BE65741387340713,Sat Feb 15 02:44:54 CET 2020,-4474.27,EUR,Laboriosam quis sit natus.
Jos,BE69771770897312,BE55522694703121,Sat Feb 15 17:44:21 CET 2020,-1726.76,EUR,Et rerum iste fugiat et fugiat nesciunt.
Jos,BE69771770897312,BE64052720908551,Sun Feb 02 09:11:35 CET 2020,-2819.08,EUR,Dolor dolorem velit dolores repellendus quasi aut.
Jos,BE69771770897312,BE17972852536411,Mon Feb 10 06:56:17 CET 2020,1671.23,EUR,Quia sint error consequatur cupiditate error.
Jos,BE69771770897312,BE40111948307472,Tue Feb 04 13:35:28 CET 2020,-741.04,EUR,Sequi laudantium eaque itaque ut libero laborum quasi.
Jos,BE69771770897312,BE63900605991191,Tue Feb 18 15:18:50 CET 2020,1675.05,EUR,Ipsa qui et quod autem voluptatem nobis omnis.
Jos,BE69771770897312,BE02504233444564,Sun Feb 16 21:02:02 CET 2020,4817.47,EUR,Vel est soluta illum distinctio maiores.
Jos,BE69771770897312,BE14609430284915,Tue Feb 18 21:17:42 CET 2020,-809.38,EUR,Odit et ratione reiciendis ad.
Jos,BE69771770897312,BE46800257645296,Fri Feb 07 22:40:44 CET 2020,-4515.02,EUR,Ullam ut voluptatem.
Jos,BE69771770897312,BE20442546013134,Fri Feb 14 19:50:36 CET 2020,-1326.26,EUR,Aut commodi est excepturi ab aliquam.
Jos,BE69771770897312,BE15288405344792,Sun Feb 09 20:36:51 CET 2020,-3181.16,EUR,Architecto qui neque ducimus et necessitatibus.
Jos,BE69771770897312,BE07051254965746,Thu Jan 30 15:24:56 CET 2020,1450.14,EUR,Facere eos dolores inventore aut unde quibusdam.
Jos,BE69771770897312,BE06867944899311,Wed Feb 05 13:38:00 CET 2020,1494.82,EUR,Quisquam recusandae ea.
Jos,BE69771770897312,BE58886199007499,Sat Feb 01 14:32:53 CET 2020,-1997.66,EUR,Architecto voluptas non sit in rerum fuga.
Jos,BE69771770897312,BE19254162304616,Mon Jan 27 00:12:31 CET 2020,1340.88,EUR,Qui est consequuntur occaecati consectetur doloribus.
